,rating_diff,duration (seconds),avg_time_per_move,opponent_rating,time_from_the_last_game,player_color,player_result
0,-281,336.0,5.226666666666665,1374,,black,Loss
1,139,515.0,12.436842105263157,1078,56121.63333333333,white,Win
2,106,773.0,17.249999999999996,1202,0.2166666666666666,black,Win
3,77,813.0,10.664864864864866,1306,5752.15,white,Win
4,-8,562.0,14.976190476190473,1316,0.2,black,Loss
5,710,1813.0,31.01714285714285,598,10595.166666666666,black,Loss
6,710,961.0,17.890625,598,0.5166666666666667,white,Loss
7,710,883.0,20.747826086956525,598,0.6166666666666667,black,Win
8,45,1658.0,17.22,1319,1100.9333333333334,white,Win
9,2,1831.0,18.05,1417,332.6333333333333,black,Win
10,15,1922.0,28.872222222222224,1354,6.783333333333333,white,Loss
11,9,218.0,9.807692307692305,1401,529.2333333333333,white,Win
12,-39,1123.0,8.652173913043477,1415,0.4166666666666667,black,Loss
13,-31,578.0,9.408571428571427,1376,113.08333333333331,black,Loss
14,-30,601.0,7.140909090909091,1346,0.1166666666666666,white,Loss
15,25,2716.0,11.742391304347828,1260,274.8,white,Loss
16,-5,1209.0,20.99166666666667,1317,2782.233333333333,black,Win
17,12,121.0,10.659999999999991,1274,4.666666666666667,black,Loss
18,-86,780.0,14.441666666666668,1354,0.5166666666666667,white,Loss
19,55,1796.0,32.488,1188,6.083333333333333,black,Loss
20,-81,1108.0,17.729032258064514,1306,1433.0666666666666,black,Loss
21,17,794.0,19.565217391304348,1228,0.1166666666666666,white,Win
22,35,617.0,11.552,1227,274.85,black,Win
23,2,381.0,14.311764705882354,1242,0.15,white,Loss
24,-41,926.0,12.569444444444446,1269,0.8333333333333334,white,Loss
25,-28,519.0,8.875,1259,1106.55,white,Loss
26,-36,1230.0,11.280769230769229,1253,0.3,black,Loss
27,20,977.0,14.68,1212,2798.25,white,Win
28,35,480.0,8.36578947368421,1210,1.0,white,Win
29,17,281.0,7.757894736842104,1242,2808.55,black,Win
30,90,658.0,13.396774193548383,1180,2.833333333333333,black,Win
31,-14,826.0,21.31851851851852,1271,0.3833333333333333,black,Loss
32,7,295.0,10.51176470588235,1263,1499.8333333333333,white,Win
33,-14,794.0,8.930434782608698,1272,11.05,black,Loss
34,11,482.0,10.713793103448278,1259,316.4166666666667,white,Win
35,-41,648.0,6.176923076923078,1301,0.5,white,Loss
36,49,502.0,12.447999999999997,1221,860.0666666666667,black,Win
37,29,940.0,16.82,1251,1558.05,black,Win
38,-44,1061.0,11.723913043478262,1314,83.93333333333334,white,Loss
39,11,462.0,11.362068965517242,1269,282.8833333333333,black,Win
40,-23,979.0,8.352941176470589,1304,0.1666666666666666,black,Draw
41,38,641.0,7.727586206896553,1252,0.8833333333333333,white,Win
42,4,493.0,8.465625000000001,1276,0.4666666666666667,black,Loss
43,-4,1123.0,9.389090909090909,1274,985.5166666666668,white,Loss
44,-7,1062.0,15.317948717948717,1268,83.3,black,Loss
45,89,961.0,17.8,1179,2.0166666666666666,white,Win
46,-39,663.0,8.671875,1299,148.88333333333333,white,Loss
47,6,1115.0,8.305797101449276,1263,0.0666666666666666,black,Win
48,6,618.0,12.448275862068964,1271,1192.7333333333331,white,Win
49,-27,1210.0,10.130508474576272,1296,4.666666666666667,black,Loss
50,62,922.0,12.105714285714283,1202,2796.9166666666665,black,Loss
51,101,1203.0,13.849999999999998,1170,0.25,white,Win
52,-26,1188.0,13.25952380952381,1306,47.93333333333333,white,Win
53,5,338.0,9.643478260869568,1267,264.4166666666667,black,Loss
54,21,733.0,8.855319148936172,1259,0.1,white,Win
55,28,830.0,13.539473684210526,1260,4.766666666666667,black,Win
56,95,1402.0,34.38,1190,1074.3,black,Win
57,47,918.0,13.922857142857142,1228,0.25,white,Loss
58,7,1029.0,18.86470588235294,1259,0.15,black,Loss
59,-27,1161.0,17.993548387096773,1285,1426.6666666666667,black,Loss
60,25,1060.0,13.935135135135136,1241,1012.4666666666668,black,Win
61,-21,934.0,13.253333333333332,1279,116.1,black,Loss
62,1012,817.0,5.472340425531915,246,12.116666666666667,black,Win
63,1012,460.0,3.984848484848485,246,0.8833333333333333,black,Win
64,3,775.0,11.78148148148148,1263,142.15,white,Win
65,-2,444.0,9.147826086956524,1260,1018.0333333333332,white,Loss
66,-43,474.0,6.629032258064518,1293,0.1166666666666666,black,Loss
67,-8,1015.0,10.63148148148148,1250,70.71666666666667,white,Loss
68,7,954.0,11.334285714285716,1226,79.46666666666667,white,Loss
69,6,403.0,14.699999999999998,1235,1445.0833333333333,black,Win
70,-31,758.0,11.98064516129032,1264,2.7,white,Loss
71,-34,373.0,9.223809523809528,1259,278.05,black,Loss
72,-27,627.0,8.725925925925926,1244,0.1666666666666666,white,Loss
73,34,863.0,10.417647058823528,1191,217.08333333333331,black,Win
74,-20,996.0,16.864516129032253,1237,55.11666666666667,black,Loss
75,-29,273.0,10.175000000000004,1238,977.65,white,Loss
76,-8,1111.0,12.869565217391305,1209,0.1333333333333333,white,Loss
77,5,303.0,14.628571428571425,1188,1.2,black,Loss
78,-39,1050.0,12.110204081632652,1225,0.1666666666666666,black,Loss
79,8,782.0,13.469444444444443,1186,1450.7,white,Win
80,-17,486.0,11.952,1203,6.45,black,Loss
81,-37,915.0,16.53611111111111,1216,0.1333333333333333,white,Loss
82,-2,234.0,9.275000000000006,1173,0.4166666666666667,black,Loss
83,21,1355.0,17.986842105263158,1158,19.816666666666663,white,Win
84,20,2611.0,18.57258064516129,1159,1344.7333333333331,white,Draw
85,-10,399.0,22.88888888888889,1181,10.75,black,Loss
86,63,516.0,15.150000000000002,1115,0.6333333333333333,black,Win
87,-80,1519.0,25.5939393939394,1251,1628.3333333333333,white,Loss
88,-12,1153.0,18.57037037037037,1192,0.1833333333333333,white,Win
89,17,2564.0,20.146551724137936,1171,0.2666666666666666,black,Win
90,61,2271.0,20.73333333333333,1134,2452.35,white,Win
91,19,1103.0,21.53333333333333,1184,21.416666666666668,white,Win
92,28,1108.0,21.253125,1166,7.766666666666667,black,Loss
93,23,496.0,8.942857142857138,1162,2536.55,black,Loss
94,-12,694.0,9.691999999999998,1189,0.3833333333333333,white,Loss
95,-46,949.0,24.43684210526316,1216,481.4333333333333,black,Loss
96,-20,1666.0,19.3061224489796,1199,209.16666666666663,white,Win
97,99,1034.0,18.775,1086,780.0666666666667,black,Win
98,3,1780.0,18.50638297872341,1174,53.35,white,Loss
99,74,510.0,16.529411764705884,1110,180.35,white,Win
100,4,1227.0,7.748837209302324,1172,0.6166666666666667,black,Loss
101,-42,578.0,13.574999999999996,1227,2.3,black,Win
102,119,2041.0,19.01372549019608,1072,211.78333333333333,black,Win
103,33,2051.0,25.61707317073171,1166,830.9,white,Win
104,16,1065.0,20.168421052631576,1191,76.68333333333334,white,Win
105,34,920.0,18.217857142857145,1181,4.55,black,Win
106,51,802.0,22.43684210526316,1154,198.85,white,Loss
107,-54,1600.0,28.45405405405405,1252,147.46666666666667,black,Loss
108,-60,726.0,13.35,1251,1069.5833333333333,black,Loss
109,94,1698.0,26.45172413793104,1103,0.1666666666666666,white,Win
110,-94,1473.0,24.202777777777776,1285,150.35,black,Loss
111,87,1557.0,23.45357142857143,1110,1402.8166666666666,white,Win
112,41,2525.0,19.679661016949154,1164,269.7333333333333,black,Win
113,14,1649.0,19.011111111111106,1191,626.85,white,Draw
114,17,1151.0,18.61063829787233,1196,188.63333333333333,white,Win
115,33,1228.0,23.0948717948718,1188,27.8,white,Win
116,-88,2594.0,25.50425531914893,1319,86.48333333333333,black,Win
117,-60,870.0,16.2,1301,197.53333333333333,black,Win
118,512,2506.0,25.136363636363622,729,102.96666666666668,black,Win
119,34,301.0,12.084615384615386,1223,625.8166666666667,white,Win
120,-173,2234.0,29.21081081081081,1425,4.266666666666667,white,Loss
121,10,1404.0,23.63076923076923,1233,526.8333333333334,black,Loss
122,52,1505.0,25.21538461538462,1198,2791.4,white,Win
123,37,1681.0,17.01071428571429,1221,263.6333333333333,black,Win
124,490,1361.0,25.86111111111111,768,860.4333333333333,black,Loss
125,-36,1664.0,26.72307692307692,1303,236.91666666666663,white,Win
126,-153,1754.0,30.40666666666666,1415,129.6,black,Loss
127,-36,1187.0,16.25555555555556,1290,3954.9666666666662,white,Loss
128,19,1362.0,29.51666666666667,1243,5510.2,black,Win
129,-94,854.0,17.17391304347826,1350,2.716666666666667,white,Loss
130,54,3012.0,20.052857142857142,1201,149.83333333333334,black,Draw
131,69,692.0,14.309677419354836,1176,4770.866666666667,black,Loss
132,-90,1026.0,21.65384615384616,1329,0.4666666666666667,white,Loss
133,-144,418.0,18.863636363636363,1378,0.7666666666666667,black,Loss
134,-17,1026.0,19.85185185185185,1250,103685.16666666669,black,Loss
135,-18,506.0,9.873333333333337,1242,1423.4833333333331,white,Loss
136,28,137.0,7.209090909090904,1207,42543.23333333333,white,Win
137,-34,1082.0,11.940000000000005,1259,17.266666666666666,black,Loss
138,-12,417.0,17.183333333333337,1226,273.75,black,Loss
139,-32,994.0,19.58148148148148,1236,4.716666666666667,white,Loss
140,-5,341.0,12.485714285714282,1199,0.7,black,Loss
141,-20,1189.0,12.91136363636364,1204,2.0,black,Loss
142,-49,945.0,14.86216216216216,1224,941.8666666666668,white,Loss
143,9,540.0,11.303448275862069,1176,1.2166666666666666,white,Win
144,-16,1097.0,11.042592592592596,1192,103.91666666666669,black,Loss
145,18,563.0,9.219047619047618,1167,410.85,white,Win
146,16,793.0,16.008695652173916,1178,224.85,white,Win
147,4,261.0,15.871428571428575,1199,1.3166666666666669,black,Win
148,29,607.0,9.460465116279067,1182,1091.35,black,Win
149,-25,484.0,13.01923076923077,1228,3.883333333333333,white,Loss
150,0,575.0,5.869387755102041,1195,286.8,black,Loss
151,1,1017.0,8.828358208955223,1186,37.53333333333333,white,Loss
152,-18,743.0,12.73030303030303,1197,623.9,white,Loss
153,26,244.0,8.1,1161,485.5,white,Win
154,28,800.0,7.075,1167,299.96666666666664,black,Win
155,-7,853.0,12.645714285714284,1194,31.683333333333334,black,Loss
156,-37,864.0,14.939999999999996,1216,612.7833333333333,white,Loss
157,0,447.0,11.233333333333334,1187,6.75,black,Win
158,-4,471.0,8.072413793103449,1183,339.21666666666664,white,Loss
159,4,1143.0,11.477083333333333,1167,0.1666666666666666,black,Loss
160,-9,798.0,15.843333333333335,1180,3.1,white,Draw
161,5,817.0,14.342105263157896,1157,295.8,black,Loss
162,17,1168.0,14.7421052631579,1153,1.55,white,Win
163,23,797.0,9.204651162790698,1146,1137.7666666666669,black,Draw
164,-4,988.0,14.60294117647059,1165,94.75,white,Loss
165,-34,952.0,14.16153846153846,1187,208.6833333333333,black,Loss
166,24,994.0,16.311999999999998,1137,2.083333333333333,white,Win
167,30,668.0,14.72608695652174,1139,716.5333333333333,white,Win
168,-22,643.0,14.770833333333334,1183,358.68333333333334,black,Loss
169,16,503.0,12.884,1153,266.51666666666665,black,Win
170,26,439.0,14.847619047619045,1151,884.35,white,Win
171,40,353.0,10.43684210526316,1144,0.1,black,Win
172,1,338.0,12.43684210526316,1191,3096.2,white,Win
173,-19,871.0,12.6195652173913,1203,1.8833333333333333,black,Loss
174,-12,671.0,6.427083333333335,1196,231.81666666666663,black,Draw
175,29,165.0,4.889999999999998,1171,2868.35,white,Win
176,-15,546.0,13.057142857142852,1207,1.55,black,Loss
177,-24,789.0,14.71875,1208,1.9,white,Loss
178,4,833.0,8.99818181818182,1172,5508.0,white,Loss
179,-23,394.0,12.677777777777775,1191,179.41666666666666,white,Loss
180,-37,862.0,12.322580645161286,1198,0.1333333333333333,black,Loss
181,-15,1038.0,12.95714285714286,1168,2639.983333333333,black,Loss
182,17,663.0,9.841304347826089,1144,0.9166666666666666,white,Win
183,8,1004.0,10.31132075471698,1161,948.2333333333332,white,Win
184,-12,1104.0,11.802272727272731,1181,435.9333333333333,black,Draw
185,-3,624.0,20.321428571428573,1180,192.65,black,Win
186,19,891.0,12.30645161290323,1166,898.1666666666666,white,Win
187,16,18.0,5.300000000000068,1177,541.0333333333333,white,Win
188,-11,927.0,10.587272727272728,1196,0.0833333333333333,black,Loss
189,29,1008.0,17.646153846153844,1164,40.05,white,Win
190,14,100.0,5.5,1187,6459.483333333334,black,Win
191,-15,899.0,16.671875,1208,17.733333333333334,white,Loss
192,23,1170.0,10.216981132075473,1178,216.65,white,Win
193,-29,893.0,15.235135135135137,1222,1240.75,black,Loss
194,25,1048.0,7.59516129032258,1176,3401.366666666667,black,Win
195,5,327.0,11.273333333333335,1204,1397.0,white,Win
196,17,538.0,10.606666666666666,1200,0.8,white,Win
197,26,844.0,9.379661016949152,1199,1582.8666666666666,black,Win
198,-23,532.0,16.222727272727273,1240,1467.4166666666667,black,Loss
199,-3,1056.0,10.027118644067796,1212,0.1,white,Loss
200,21,608.0,12.396153846153847,1196,614.05,white,Win
201,24,1208.0,14.5475,1201,2.333333333333333,black,Win
202,-35,1094.0,9.132307692307691,1252,777.55,black,Loss
203,-32,1037.0,9.358490566037736,1241,856.1166666666667,white,Loss
204,-24,1008.0,14.732499999999998,1225,194.61666666666667,black,Loss
205,5,450.0,13.755999999999998,1188,1.6833333333333331,white,Loss
206,-2,980.0,9.246875000000005,1203,4.566666666666666,black,Win
207,-20,778.0,8.906060606060606,1213,291.95,black,Loss
208,33,1098.0,15.035897435897438,1168,1383.3333333333333,white,Win
209,-31,776.0,13.096774193548388,1224,1465.3333333333333,white,Loss
210,7,365.0,10.052173913043475,1194,2700.55,white,Win
211,-9,1103.0,17.33529411764706,1202,4.916666666666667,black,Loss
212,-5,934.0,13.983333333333333,1207,1471.65,black,Win
213,24,651.0,18.840909090909093,1186,9.033333333333331,white,Win
214,-5,980.0,18.67407407407408,1224,1247.4333333333334,white,Win
215,-7,796.0,14.599999999999998,1218,939.4,white,Loss
216,13,884.0,8.068852459016393,1206,231.2,black,Win
217,-18,902.0,18.05862068965517,1229,151.91666666666666,black,Loss
218,5,810.0,17.6,1198,0.1166666666666666,black,Loss
219,9,608.0,6.527450980392157,1202,1440.1,white,Win
220,-4,1135.0,17.04848484848485,1223,7.15,black,Win
221,12,831.0,18.35,1215,183.1833333333333,white,Win
222,30,992.0,12.541463414634144,1205,172.33333333333334,black,Win
223,12,729.0,19.196153846153848,1231,528.2333333333333,white,Win
224,-32,707.0,14.013043478260869,1267,4.683333333333334,black,Loss
225,-31,1230.0,10.275862068965518,1258,601.3666666666667,black,Loss
226,23,931.0,8.2875,1212,1449.0833333333333,white,Win
227,39,907.0,13.26341463414634,1203,99.48333333333332,white,Win
228,27,512.0,13.98235294117647,1223,1.2333333333333334,black,Win
229,-31,948.0,14.4575,1273,2984.3,white,Loss
230,-1,992.0,12.102702702702704,1243,632.1833333333333,black,Draw
231,12,474.0,14.375000000000004,1238,0.35,white,Win
232,-4,151.0,11.839999999999986,1246,504.9,black,Loss
233,9,1139.0,13.166666666666664,1241,0.55,white,Win
234,-18,1200.0,12.466666666666669,1260,2834.233333333333,white,Loss
235,-12,1144.0,15.439473684210524,1246,1456.1333333333334,white,Loss
236,1,339.0,13.333333333333336,1241,1619.0,black,Win
237,5,371.0,11.34736842105263,1229,2.6333333333333333,black,Loss
238,37,391.0,14.125,1204,6.783333333333333,white,Win
239,2,347.0,11.835294117647058,1247,771.4166666666666,black,Win
240,5,917.0,7.928169014084508,1235,418.95,white,Loss
241,-19,865.0,10.830555555555556,1251,1.2666666666666666,black,Loss
242,4,1085.0,9.30408163265306,1236,109.31666666666666,white,Win
243,20,1146.0,5.703225806451613,1219,3.6666666666666665,black,Draw
244,-3,790.0,16.696296296296296,1234,6.416666666666667,black,Loss
245,-26,749.0,8.56829268292683,1249,0.5166666666666667,white,Loss
246,-4,482.0,13.945,1219,1181.1166666666666,white,Loss
247,12,429.0,10.266666666666667,1211,0.6666666666666666,black,Win
248,0,857.0,12.76842105263158,1231,104.28333333333332,black,Win
249,6,930.0,10.343478260869569,1225,20.75,white,Draw
250,0,356.0,12.2,1239,0.1333333333333333,white,Win
251,5,331.0,13.507142857142858,1242,1145.5833333333333,white,Win
252,4,1156.0,9.3046875,1234,0.4833333333333333,black,Loss
253,-24,172.0,3.476470588235289,1254,1.9166666666666667,black,Loss
254,-4,1155.0,8.575862068965519,1243,0.2166666666666666,white,Win
255,-8,399.0,12.159090909090908,1239,109.31666666666666,white,Loss
256,15,97.0,3.490909090909089,1224,0.1,black,Win
257,37,1194.0,16.342857142857138,1209,0.0833333333333333,black,Win
258,-13,1222.0,8.168493150684933,1251,139.06666666666666,black,Loss
259,26,627.0,13.052173913043475,1220,598.75,white,Win
260,-29,759.0,12.1047619047619,1267,39.68333333333333,black,Loss
261,-38,1185.0,13.804651162790698,1269,60.016666666666666,black,Loss
262,-7,687.0,12.157575757575756,1230,1.0166666666666666,white,Loss
263,-32,473.0,6.290243902439024,1247,0.1,white,Loss
264,-22,874.0,12.267391304347823,1229,300.01666666666665,black,Loss
265,-39,664.0,21.13,1239,0.9166666666666666,white,Loss
266,9,1174.0,10.973999999999998,1199,1065.65,black,Win
267,-2,1114.0,6.866666666666668,1202,1.75,white,Loss
268,26,61.0,3.800000000000005,1182,637.0166666666667,white,Win
269,-16,358.0,7.906666666666666,1216,0.95,black,Loss
270,33,1021.0,8.698,1175,0.2,black,Win
271,2,192.0,15.887499999999996,1214,1244.9666666666667,white,Win
272,13,894.0,10.848648648648648,1211,3.1,black,Win
273,17,363.0,12.080000000000002,1215,174.51666666666668,white,Win
274,3,902.0,14.482926829268292,1221,2750.083333333333,white,Loss
275,0,49.0,6.433333333333319,1232,1419.2,black,Win
276,23,278.0,14.881818181818176,1217,0.35,white,Win
277,-7,363.0,12.925,1256,1.6333333333333333,black,Win
278,17,1009.0,6.812162162162164,1232,84.71666666666667,white,Draw
279,4,659.0,8.823076923076924,1253,1.65,black,Win
280,-38,999.0,12.308108108108108,1287,55.333333333333336,white,Loss
281,-10,1134.0,12.76086956521739,1251,1.4333333333333331,black,Loss
282,-28,744.0,10.884444444444444,1261,0.85,white,Loss
283,-39,652.0,17.473913043478266,1265,1298.3666666666666,black,Loss
284,-31,916.0,12.34722222222222,1249,2783.0666666666666,white,Loss
285,-15,792.0,9.377777777777778,1225,2.8666666666666667,black,Loss
286,3,234.0,8.116666666666667,1215,78.05,black,Win
287,4,399.0,8.495999999999999,1222,0.1333333333333333,white,Win
288,27,804.0,14.63684210526316,1207,1278.0,white,Win
289,5,789.0,10.858064516129032,1237,0.7333333333333333,white,Win
290,-36,979.0,10.763636363636362,1270,144.6,black,Loss
291,9,520.0,14.018181818181818,1225,1239.1166666666666,black,Draw
292,-18,950.0,6.915189873417721,1244,0.15,black,Loss
293,23,727.0,8.423529411764706,1211,186.3,white,Win
294,33,300.0,13.14615384615385,1209,1314.3166666666666,black,Win
295,-27,660.0,8.651162790697676,1261,2.75,white,Loss
296,-4,354.0,11.905555555555557,1230,0.4333333333333333,white,Loss
297,4,769.0,9.74090909090909,1213,0.4833333333333333,white,Loss
298,36,582.0,11.595,1188,907.2666666666668,black,Win
299,37,932.0,7.653333333333333,1194,390.01666666666665,white,Win
300,35,854.0,11.413999999999998,1195,0.1333333333333333,black,Draw
301,25,587.0,13.82380952380952,1213,19.166666666666668,white,Win
302,29,651.0,11.6551724137931,1217,136.98333333333332,white,Win
303,-32,943.0,9.435185185185183,1270,1.5,black,Loss
304,-29,1048.0,10.699999999999996,1259,1.95,white,Loss
305,5,1226.0,10.005084745762714,1217,641.6833333333333,black,Loss
306,11,394.0,8.680769230769231,1219,148.63333333333333,white,Win
307,4,1234.0,7.872972972972971,1226,95.0,white,Draw
308,-36,589.0,15.981818181818182,1258,45.8,black,Loss
309,-4,343.0,10.735000000000005,1234,1039.5,black,Win
310,-36,779.0,12.179166666666667,1258,279.6,black,Loss
311,33,1113.0,16.845161290322576,1197,0.2833333333333333,white,Win
312,16,703.0,16.073913043478264,1222,312.0,black,Win
313,-13,818.0,12.4775,1243,1421.4166666666667,white,Loss
314,-17,1167.0,7.743243243243243,1247,53.63333333333333,white,Draw
315,-9,1005.0,9.065573770491808,1239,160.8,black,Draw
316,33,952.0,9.174468085106383,1205,1984.7,white,Win
317,7,766.0,12.99090909090909,1231,22.416666666666668,black,Draw
318,34,914.0,18.884615384615383,1212,1.3666666666666667,white,Win
319,36,599.0,10.806451612903224,1217,1.9166666666666667,white,Win
320,-32,986.0,13.18837209302326,1277,1.8,black,Loss
321,32,241.0,6.077777777777777,1221,149.31666666666666,white,Win
322,-1,534.0,10.538095238095236,1246,0.5,black,Loss
323,-4,1209.0,9.399999999999997,1249,0.1,black,Draw
324,1,524.0,14.041666666666666,1244,1.6166666666666667,white,Draw
325,4,930.0,9.5,1241,2.9166666666666665,black,Draw
326,-11,1079.0,7.926984126984126,1248,3.2333333333333334,white,Loss
327,16,1230.0,8.216666666666665,1229,267.7333333333333,black,Win
328,19,991.0,11.875675675675677,1234,863.7666666666667,white,Win
329,21,926.0,15.4125,1240,7.616666666666666,black,Win
330,4,1017.0,20.248000000000005,1265,6.616666666666666,black,Win
331,-8,864.0,14.093548387096773,1269,5.066666666666666,black,Loss
332,35,447.0,13.999999999999996,1234,9.383333333333333,white,Win
333,2,541.0,11.289655172413791,1275,3.633333333333333,black,Win
334,2,1216.0,12.227083333333333,1283,1.5166666666666666,black,Win
335,-35,782.0,14.808571428571428,1312,47.25,white,Loss
336,-28,1070.0,10.698039215686276,1297,103.38333333333334,black,Loss
337,-20,599.0,16.300000000000004,1281,0.1333333333333333,white,Loss
338,15,798.0,17.559259259259257,1254,250.1,white,Win
339,-13,766.0,9.090566037735847,1274,2.1,black,Loss
340,-3,1138.0,9.25614035087719,1256,1087.4833333333331,white,Loss
341,-14,1137.0,9.58548387096774,1259,0.1833333333333333,black,Loss
342,31,477.0,9.63,1222,54.55,white,Win
343,-5,901.0,13.54,1250,0.1333333333333333,black,Loss
344,-9,677.0,18.77083333333333,1246,0.7,white,Loss
345,-4,816.0,14.573684210526318,1233,374.8,black,Loss
346,6,1064.0,10.626000000000005,1214,0.8666666666666667,black,Loss
347,4,662.0,7.012068965517241,1208,0.75,white,Loss
348,36,269.0,8.225,1183,573.55,black,Win
349,-9,647.0,4.529629629629629,1220,4.316666666666666,white,Loss
350,7,888.0,14.726666666666668,1212,442.6,white,Win
351,26,604.0,9.0375,1201,5.3,white,Win
352,23,1008.0,10.741666666666667,1203,7.383333333333334,black,Draw
353,27,552.0,11.01875,1207,43.6,white,Win
354,2,204.0,7.984615384615386,1240,7.55,black,Win
355,-1,1216.0,11.217307692307692,1235,55.73333333333333,black,Loss
356,-7,706.0,17.01,1233,1.8833333333333333,white,Loss
357,-27,545.0,10.364705882352942,1245,750.2166666666667,black,Loss
358,-20,636.0,8.046511627906979,1230,4.116666666666666,black,Loss
359,4,269.0,7.284999999999997,1214,699.9833333333333,white,Win
360,24,545.0,10.819047619047618,1202,0.15,white,Win
361,-36,748.0,7.129032258064517,1254,1559.3833333333334,black,Loss
362,-39,539.0,9.671428571428574,1250,687.7,white,Loss
363,-38,181.0,4.018181818181822,1242,0.05,white,Loss
364,-27,952.0,8.134848484848485,1223,1803.7166666666667,black,Loss
365,11,696.0,7.625925925925926,1193,301.9833333333333,white,Win
366,-9,308.0,6.063999999999998,1205,2.8833333333333333,white,Loss
367,-9,925.0,12.05909090909091,1205,0.1666666666666666,black,Draw
368,7,961.0,7.709722222222224,1197,833.2333333333333,black,Win
369,-7,601.0,6.037037037037038,1203,189.61666666666667,black,Loss
370,33,466.0,9.373913043478264,1171,195.36666666666667,white,Win
371,25,615.0,8.047058823529413,1187,0.5666666666666667,black,Win
372,7,648.0,18.55,1196,0.1833333333333333,white,Loss
373,-9,979.0,8.074603174603176,1204,0.2333333333333333,black,Loss
374,23,954.0,11.86285714285714,1180,882.2,white,Win
375,4,385.0,5.164999999999999,1191,3.05,white,Loss
376,-12,188.0,2.700000000000008,1199,0.1166666666666666,black,Loss
377,-4,182.0,9.283333333333337,1183,481.3833333333333,black,Loss
378,23,616.0,12.157142857142857,1164,2.1333333333333333,black,Win
379,-39,901.0,7.8554054054054046,1219,3.2,white,Loss
380,-25,469.0,13.372727272727277,1197,796.85,white,Loss
381,-36,826.0,10.0,1200,0.1333333333333333,black,Loss
382,-1,711.0,10.383870967741936,1157,0.4,white,Loss
383,23,539.0,9.217857142857142,1141,747.0833333333334,black,Win
384,-15,961.0,16.171875,1171,1.25,white,Loss
385,4,1053.0,13.052777777777775,1160,722.7666666666667,black,Win
386,-12,575.0,9.915625,1168,0.15,white,Loss
387,-10,783.0,9.261764705882351,1158,29.03333333333333,black,Loss
388,16,796.0,9.54074074074074,1132,1265.35,black,Draw
389,-30,844.0,13.575757575757573,1170,1.7833333333333334,white,Loss
390,-40,1055.0,8.198630136986301,1173,56.5,white,Loss
391,11,482.0,9.315384615384612,1130,167.91666666666666,white,Win
392,3,1167.0,13.95897435897436,1146,0.6,black,Win
393,68,504.0,6.6085714285714285,1081,17.8,black,Loss
394,23,793.0,8.964102564102564,1125,292.31666666666666,white,Draw
395,43,533.0,3.899999999999999,1105,26.633333333333333,white,Loss
396,5,201.0,5.29411764705882,1151,883.4166666666666,white,Win
397,11,603.0,11.806666666666665,1153,2.5,black,Win
398,-8,110.0,6.442857142857146,1164,44.583333333333336,black,Loss
399,-25,525.0,5.965116279069767,1173,0.85,black,Loss
400,-8,485.0,3.3261904761904773,1148,79.5,white,Loss
401,67,655.0,5.166666666666667,1073,175.41666666666666,white,Loss
402,278,407.0,6.233333333333333,862,0.2333333333333333,white,Win
403,-648,798.0,10.127777777777778,1788,1154.4666666666667,black,Loss
404,1,1219.0,9.527419354838708,1139,262.85,black,Draw
405,2,1071.0,13.241176470588234,1146,0.4166666666666667,white,Win
406,30,310.0,9.561111111111112,1126,0.9666666666666668,white,Win
407,31,227.0,6.635294117647063,1133,0.4833333333333333,black,Win
408,-3,800.0,8.983333333333334,1159,0.8833333333333333,white,Loss
409,3,454.0,7.80769230769231,1161,86.4,black,Win
410,-9,1059.0,10.49111111111111,1165,0.3,white,Loss
411,-15,1119.0,9.158620689655171,1163,933.95,white,Loss
412,1,92.0,4.329999999999996,1155,1679.0333333333333,black,Win
413,19,696.0,9.750943396226416,1145,0.7333333333333333,white,Win
414,6,274.0,6.779999999999999,1149,211.38333333333333,black,Loss
415,7,72.0,1.8714285714285748,1156,0.15,white,Win
416,8,755.0,16.076,1163,0.45,black,Win
417,-23,391.0,11.186666666666673,1186,2.1333333333333333,white,Loss
418,-37,1168.0,10.874545454545457,1193,1459.6166666666666,black,Loss
419,20,79.0,5.600000000000007,1144,1457.9,black,Win
420,-3,1075.0,12.453191489361702,1159,0.1666666666666666,white,Loss
421,38,605.0,9.79375,1125,36.36666666666667,black,Win
422,-5,880.0,11.336585365853658,1160,1151.45,white,Loss
423,-23,478.0,6.933333333333333,1170,31.2,black,Loss
424,21,639.0,10.736111111111112,1134,1.25,black,Win
425,-11,1058.0,6.4710526315789485,1158,1.4833333333333334,white,Loss
426,7,439.0,4.6085714285714285,1131,871.2833333333333,white,Loss
427,23,126.0,2.933333333333333,1123,0.1,white,Win
428,23,549.0,6.04255319148936,1131,1.4,black,Win
429,26,886.0,15.611111111111107,1136,111.4,black,Win
430,10,184.0,8.030769230769229,1160,3.7,black,Win
431,26,1055.0,16.485714285714284,1152,0.15,white,Win
432,4,1056.0,8.146774193548389,1166,495.78333333333336,black,Loss
433,4,667.0,10.882758620689655,1174,4.25,white,Win
434,0,630.0,13.420833333333334,1170,863.8666666666667,black,Loss
435,-19,507.0,13.757142857142856,1181,0.1,white,Loss
436,24,274.0,7.699999999999989,1146,131.11666666666667,black,Win
437,10,1223.0,12.68913043478261,1168,0.0833333333333333,black,Win
438,-5,508.0,14.859999999999998,1191,203.46666666666667,white,Win
439,0,970.0,12.044827586206896,1194,0.2333333333333333,white,Win
440,26,1151.0,10.818367346938777,1176,1.1833333333333331,white,Win
441,17,148.0,6.32857142857143,1193,58.41666666666666,black,Win
442,24,628.0,12.128571428571428,1194,984.7166666666668,white,Win
443,19,801.0,9.67358490566038,1199,394.4,white,Draw
444,19,728.0,7.4593220338983075,1199,0.1833333333333333,black,Draw
445,7,428.0,11.072222222222226,1219,4.433333333333334,black,Win
446,21,502.0,12.396296296296295,1213,49.81666666666667,black,Win
447,-13,337.0,7.44,1239,0.8,black,Loss
448,-38,408.0,8.107142857142858,1257,1293.6333333333334,black,Loss
449,31,832.0,11.152631578947371,1196,0.1666666666666666,white,Win
450,20,351.0,8.81304347826087,1215,0.1166666666666666,black,Win
451,6,780.0,7.524444444444445,1237,0.9333333333333332,white,Win
452,8,250.0,4.941176470588236,1243,2.4833333333333334,white,Win
453,-1,61.0,6.059999999999991,1244,0.2166666666666666,black,Loss
454,-4,787.0,10.694871794871796,1256,0.05,white,Win
455,37,1156.0,11.645652173913042,1222,105.85,white,Win
456,-16,638.0,14.391999999999998,1267,2.2666666666666666,black,Loss
457,20,1071.0,9.131666666666666,1231,773.6666666666666,black,Draw
458,-11,683.0,7.715909090909091,1254,5.066666666666666,white,Loss
459,8,693.0,17.780952380952378,1243,2.95,white,Win
460,1,717.0,15.7,1258,63.56666666666667,white,Win
461,7,742.0,12.806451612903222,1243,4.983333333333333,black,Loss
462,15,867.0,14.60909090909091,1243,467.55,black,Win
463,-4,768.0,15.064285714285717,1254,147.46666666666667,black,Loss
464,27,401.0,11.74375,1231,1.05,white,Win
465,16,936.0,11.048837209302324,1233,677.1833333333333,black,Loss
466,-39,897.0,12.415151515151512,1281,1.15,white,Loss
467,7,38.0,1.8500000000000227,1243,0.1166666666666666,black,Win
468,-34,714.0,15.25769230769231,1276,0.05,black,Loss
469,21,616.0,15.356000000000002,1229,1314.3,white,Win
470,4,1017.0,10.653571428571428,1238,3.3666666666666667,white,Loss
471,37,524.0,9.989655172413794,1212,499.4333333333333,white,Win
472,-24,693.0,15.410344827586206,1265,0.1,black,Loss
473,2,1178.0,15.78857142857143,1247,1.9,black,Win
474,28,813.0,7.277272727272726,1229,59.56666666666667,black,Win
475,19,712.0,14.830769230769231,1246,2.6333333333333333,white,Win
476,39,452.0,12.472222222222223,1233,751.0166666666667,black,Win
477,9,1079.0,13.168571428571427,1271,0.1333333333333333,white,Win
478,9,1191.0,7.95,1279,60.43333333333333,white,Win
479,-30,905.0,17.354545454545452,1310,15.6,black,Loss
480,13,386.0,10.53076923076923,1275,61.05,black,Win
481,36,622.0,10.09722222222222,1259,1.3333333333333333,white,Win
482,-28,415.0,7.040540540540542,1315,252.13333333333333,white,Loss
483,16,735.0,12.642307692307693,1279,0.1833333333333333,black,Win
484,15,958.0,13.390243902439025,1280,71.01666666666667,black,Draw
485,25,537.0,12.628000000000002,1278,19.266666666666666,black,Win
486,30,239.0,9.025000000000002,1281,906.5833333333334,white,Win
487,2,468.0,11.073333333333332,1301,1.2833333333333334,white,Loss
488,35,754.0,16.17391304347826,1276,640.7166666666667,black,Win
489,3,718.0,15.073913043478262,1316,86.93333333333334,white,Win
490,-95,496.0,14.707692307692309,1414,4041.0666666666666,white,Win
491,-23,291.0,7.145833333333333,1342,1.7,white,Win
492,17,966.0,8.610144927536233,1302,0.1333333333333333,black,Loss
493,-14,641.0,10.026470588235291,1333,2.6333333333333333,black,Loss
494,0,141.0,10.825000000000005,1319,141.38333333333333,black,Win
495,11,746.0,8.463157894736842,1308,1.1,black,Win
496,16,211.0,9.328571428571433,1303,31.28333333333333,black,Win
497,-39,428.0,7.577272727272729,1358,0.6833333333333333,black,Loss
498,-19,265.0,10.586666666666668,1338,2612.366666666667,white,Win
499,-59,221.0,9.953846153846156,1378,75.35,white,Win
500,-41,704.0,12.18809523809524,1360,2.8666666666666667,white,Loss
501,-130,565.0,11.516666666666667,1449,179.36666666666667,black,Loss
502,-190,794.0,12.290909090909093,1509,0.2333333333333333,white,Loss
503,-69,931.0,8.575,1388,622.1166666666667,white,Loss
504,4,395.0,9.236,1315,1858.5666666666664,black,Loss
505,-46,1140.0,7.7640625,1365,266.96666666666664,black,Win
506,-3,123.0,5.518181818181812,1322,43.8,black,Win
507,-73,115.0,5.299999999999997,1392,0.9333333333333332,black,Loss
508,-131,828.0,13.97692307692308,1450,0.8166666666666667,black,Win
509,-183,124.0,9.714285714285714,1502,774.2166666666667,black,Loss
510,-2,610.0,8.4125,1321,4.733333333333333,black,Loss
511,11,285.0,9.976923076923075,1308,165.81666666666666,black,Win
512,36,358.0,9.457894736842103,1291,78.21666666666667,black,Win
513,-16,363.0,11.123529411764704,1343,3.316666666666667,white,Loss
514,-121,20.0,3.099999999999966,1448,1.8166666666666669,black,Win
515,-73,858.0,19.256521739130434,1400,0.6,black,Loss
516,5,897.0,16.173333333333332,1330,64.26666666666667,black,Win
517,-15,632.0,12.36666666666667,1350,5267.333333333333,white,Loss
518,-12,1200.0,14.956410256410258,1339,1.45,white,Loss
519,-30,267.0,9.7875,1349,141.48333333333332,white,Loss
520,10,596.0,14.026923076923076,1317,0.1,white,Win
521,34,437.0,13.379999999999995,1301,258.76666666666665,black,Win
522,14,583.0,14.35217391304348,1329,0.1833333333333333,black,Win
523,-30,1005.0,14.392682926829268,1365,129.15,white,Loss
524,23,1010.0,15.772222222222227,1320,866.9333333333333,black,Win
525,6,1115.0,14.67058823529412,1345,7.9,white,Win
526,17,820.0,14.315625,1342,3.3833333333333333,black,Win
527,-30,584.0,10.93823529411765,1381,92.8,white,Loss
528,-38,1007.0,9.493650793650795,1382,469.7,black,Loss
529,18,669.0,15.785185185185185,1334,90.1,white,Win
530,-7,870.0,14.21219512195122,1351,2.216666666666667,black,Loss
531,-36,641.0,10.11875,1372,758.3,white,Loss
532,-39,444.0,10.936,1368,0.0833333333333333,black,Loss
533,10,752.0,16.796296296296298,1327,0.45,white,Win
534,4,653.0,11.532142857142858,1324,81.23333333333333,black,Loss
535,16,421.0,8.570833333333333,1320,1.4166666666666667,white,Win
536,-19,690.0,7.343999999999999,1347,203.56666666666663,black,Loss
537,-4,159.0,9.699999999999932,1340,0.8333333333333334,white,Win
538,4,399.0,11.952631578947368,1340,0.05,white,Win
539,5,901.0,10.658181818181818,1330,0.9166666666666666,black,Loss
540,0,534.0,13.205882352941176,1343,303.43333333333334,white,Win
541,2,841.0,11.624444444444444,1333,10.433333333333334,black,Loss
542,33,1231.0,9.979661016949152,1310,656.9166666666666,black,Win
543,20,149.0,11.255555555555556,1331,697.7833333333333,black,Win
544,36,687.0,14.481818181818182,1323,78.01666666666667,white,Win
545,-39,476.0,11.772727272727272,1391,623.5666666666667,white,Loss
546,4,815.0,7.438805970149254,1348,425.5833333333333,black,Draw
547,-12,1059.0,8.545714285714284,1356,0.1333333333333333,white,Loss
548,-6,1163.0,9.365079365079362,1342,21.08333333333333,black,Loss
549,15,1176.0,16.412121212121217,1329,924.3666666666668,black,Win
550,-12,645.0,8.530303030303031,1348,33.4,black,Loss
551,136,421.0,7.716000000000001,1200,759.2833333333333,black,Win
552,-319,1064.0,12.622857142857145,1655,0.7,black,Win
553,-23,957.0,14.289743589743592,1360,544.9833333333333,white,Draw
554,-26,606.0,6.493023255813955,1355,1.7166666666666666,white,Loss
555,35,702.0,15.815624999999995,1302,475.8333333333333,white,Win
556,-4,1058.0,12.621951219512194,1333,1.65,black,Loss
557,20,1078.0,16.29285714285714,1317,1101.5833333333333,black,Win
558,-264,273.0,8.850000000000001,1601,1703.1,black,Loss
559,-98,989.0,7.198437499999999,1435,0.5166666666666667,white,Loss
560,-2,919.0,10.228947368421052,1339,1586.0,white,Loss
561,26,117.0,6.524999999999992,1311,872.9166666666666,white,Win
562,81,898.0,5.296610169491526,1256,0.4166666666666667,black,Draw
563,2,481.0,10.564,1343,403.65,white,Win
564,-17,1109.0,11.932653061224489,1362,333.35,black,Draw
565,39,682.0,14.344,1313,578.4,white,Win
566,-35,1127.0,11.765999999999998,1379,2.9,white,Loss
567,23,605.0,8.837837837837839,1320,97.86666666666666,black,Draw
568,38,973.0,16.280645161290323,1312,331.35,white,Win
569,21,974.0,12.478048780487804,1337,1.65,white,Win
570,-7,432.0,8.666666666666666,1374,96.55,white,Win
571,17,809.0,11.787878787878784,1358,182.81666666666663,black,Win
572,-14,963.0,15.618421052631575,1381,1050.6,black,Loss
573,5,1020.0,9.681355932203388,1353,155.15,black,Loss
574,-1,462.0,11.005,1351,896.1,white,Loss
575,8,364.0,9.573333333333334,1350,0.2666666666666666,black,Win
576,-29,783.0,13.583333333333336,1379,5.55,white,Loss
577,13,798.0,16.487096774193542,1345,26.433333333333334,black,Win
578,-1,936.0,20.61785714285714,1367,2.25,black,Win
579,5,140.0,7.9375,1369,3.333333333333333,white,Win
580,-23,891.0,15.628125,1389,0.35,black,Loss
581,4,593.0,8.886666666666665,1353,2099.95,white,Loss
582,37,956.0,11.293333333333337,1328,0.1,black,Win
583,-18,1045.0,15.90967741935484,1375,3.8666666666666663,black,Loss
584,22,592.0,16.92727272727273,1343,586.8166666666667,black,Win
585,7,1198.0,12.080851063829789,1366,1.4166666666666667,white,Win
586,16,1163.0,14.071052631578944,1365,0.95,white,Win
587,75,185.0,6.1400000000000095,1313,92.1,white,Win
588,-22,378.0,13.69,1402,0.1166666666666666,black,Loss
589,-19,1043.0,14.952500000000004,1391,383.9,black,Loss
590,-24,660.0,15.823333333333334,1388,1348.1,white,Loss
591,-32,976.0,6.565934065934065,1388,0.2,white,Loss
592,37,149.0,6.899999999999998,1326,224.76666666666668,white,Win
593,-1,937.0,9.643636363636364,1356,4.233333333333333,black,Loss
594,-4,481.0,7.149999999999999,1351,2178.8166666666666,black,Loss
595,3,1063.0,10.924074074074074,1336,5.366666666666666,black,Loss
596,-26,598.0,8.417021276595746,1357,46.2,white,Loss
597,-40,997.0,8.299999999999999,1364,0.5666666666666667,white,Loss
598,28,836.0,16.403125,1304,379.5,black,Win
599,30,662.0,12.328125,1310,3.4166666666666665,black,Win
600,35,697.0,7.801851851851853,1313,101.1,black,Win
601,9,976.0,17.395238095238092,1347,2240.8166666666666,white,Win
602,5,1041.0,6.938095238095238,1343,0.1166666666666666,white,Loss
603,35,664.0,12.128000000000002,1321,386.25,white,Win
604,7,776.0,12.439473684210528,1340,61.36666666666667,black,Loss
605,5,1221.0,7.771428571428572,1333,0.8166666666666667,white,Loss
606,-5,446.0,11.180769230769233,1335,178.13333333333333,black,Loss
607,36,516.0,13.424,1301,764.5333333333333,white,Win
608,-15,682.0,8.350000000000001,1344,0.3,black,Loss
609,-39,965.0,7.7,1361,439.8333333333333,white,Loss
610,-14,940.0,9.047058823529412,1345,0.1666666666666666,black,Win
611,-7,915.0,8.092307692307694,1330,1004.5833333333334,white,Loss
612,5,1135.0,13.4,1309,2.216666666666667,black,Loss
613,2,835.0,9.673913043478262,1320,1820.8833333333332,black,Win
614,-15,775.0,7.466666666666669,1329,135.35,white,Loss
615,16,1210.0,10.824074074074076,1306,19.183333333333334,white,Win
616,11,855.0,12.978125,1319,698.0333333333333,black,Win
617,-30,1066.0,11.878,1352,120.8,white,Loss
618,39,1219.0,14.185714285714289,1290,3.033333333333333,black,Win
619,27,560.0,10.442105263157895,1310,283.95,black,Win
620,-10,586.0,14.405,1339,7.583333333333333,white,Loss
621,5,1139.0,10.573469387755102,1332,199.35,black,Win
622,-16,1168.0,12.96086956521739,1345,0.3166666666666666,white,Loss
623,-14,261.0,8.417647058823528,1343,1476.65,white,Win
624,-179,117.0,4.25,1508,0.55,white,Win
625,-4,1015.0,11.227450980392158,1325,2171.583333333333,black,Loss
626,-46,1107.0,11.012244897959183,1359,585.6333333333333,white,Loss
627,37,375.0,15.266666666666662,1284,152.48333333333332,black,Win
628,-3,775.0,17.460869565217386,1332,2.9,white,Win
629,20,550.0,13.696153846153846,1317,566.1833333333333,white,Win
630,21,1063.0,22.065,1324,10.15,black,Win
631,-25,325.0,7.326086956521739,1362,457.3666666666667,white,Loss
632,19,1047.0,12.862222222222222,1326,2.55,black,Win
633,32,292.0,12.080000000000004,1321,222.6833333333333,black,Win
634,24,679.0,12.163636363636362,1337,2.566666666666667,white,Win
635,32,222.0,19.67500000000001,1337,2.3833333333333333,black,Win
636,36,771.0,14.035714285714286,1341,8.466666666666667,white,Win
637,-17,873.0,6.844285714285715,1386,6.45,black,Loss
638,-8,777.0,14.858823529411763,1369,1302.3166666666666,white,Loss
639,28,606.0,12.60740740740741,1341,0.1166666666666666,black,Win
640,1,873.0,10.140677966101697,1360,760.6,white,Loss
641,-19,367.0,4.317647058823528,1372,549.1166666666667,white,Loss
642,-25,1050.0,15.728947368421052,1370,1.1166666666666667,black,Loss
643,-1,579.0,8.265625000000002,1338,1508.2166666666667,white,Loss
644,-28,1012.0,11.269230769230772,1357,8525.583333333334,black,Loss
645,-26,964.0,9.895454545454545,1347,1277.0333333333333,white,Loss
646,33,854.0,12.208695652173912,1296,5891.533333333334,white,Win
647,18,645.0,10.65909090909091,1319,3.1,black,Win
648,7,575.0,15.38,1321,1345.9833333333331,white,Loss
649,5,1188.0,16.210810810810816,1314,940.9833333333332,white,Loss
650,-2,285.0,9.131249999999998,1313,3378.85,black,Loss
651,77,637.0,9.860000000000005,1234,1388.9,black,Win
652,-155,909.0,17.410714285714285,1466,2948.9666666666667,white,Win
653,6,203.0,8.79230769230769,1305,11758.183333333332,black,Win
654,83,918.0,19.696,1228,4265.95,black,Loss
655,4,464.0,7.937037037037036,1299,15255.716666666667,black,Loss
656,12,1002.0,16.626470588235296,1299,107.81666666666666,white,Win
657,28,406.0,18.941666666666663,1291,0.2833333333333333,black,Win
658,10,993.0,16.663888888888888,1300,0.5166666666666667,white,Loss
659,7,527.0,15.956521739130435,1311,426.3833333333333,black,Win
660,37,816.0,14.151612903225804,1288,25.466666666666665,white,Win
661,13,775.0,16.079310344827583,1320,1.1666666666666667,black,Win
662,-1,958.0,13.568181818181818,1326,616.6666666666666,black,Loss
663,-1,593.0,9.409999999999998,1318,84.68333333333334,white,Loss
664,16,954.0,9.728571428571428,1309,1319.9666666666667,white,Win
665,20,622.0,8.078571428571431,1305,2331.3,white,Loss
666,530,875.0,12.94848484848485,795,571.25,white,Loss
667,-10,789.0,6.824074074074072,1327,183.2,black,Loss
668,-38,986.0,12.708510638297868,1348,330.78333333333336,black,Loss
669,-32,602.0,11.096774193548388,1334,819.85,white,Loss
670,24,1194.0,9.891666666666664,1286,1589.1166666666666,black,Win
671,-27,865.0,14.85142857142857,1329,644.65,white,Loss
672,27,961.0,11.827586206896552,1283,1273.1,white,Win
673,-25,859.0,11.997777777777776,1327,1.1666666666666667,black,Loss
674,6,738.0,7.945,1287,786.6833333333333,white,Loss
675,-4,648.0,9.071052631578947,1305,1390.4166666666667,black,Win
676,1,707.0,10.58125,1308,2.95,black,Win
677,-15,522.0,12.368181818181816,1316,0.1666666666666666,white,Loss
678,-31,220.0,9.946153846153845,1324,0.15,black,Loss
679,-28,653.0,8.826470588235294,1313,329.6166666666667,white,Loss
680,12,572.0,15.458333333333329,1281,3.05,black,Win
681,-8,602.0,5.14255319148936,1293,82.6,white,Loss
682,14,61.0,2.528571428571435,1279,2.9,black,Win
683,18,736.0,9.141379310344826,1283,0.1333333333333333,white,Win
684,-37,697.0,12.413513513513513,1331,0.0833333333333333,black,Loss
685,19,974.0,21.07826086956521,1283,163.55,black,Win
686,39,719.0,12.037931034482757,1270,806.5333333333333,white,Win
687,-29,911.0,8.147540983606556,1330,0.7333333333333333,white,Loss
688,37,148.0,5.699999999999994,1271,68.46666666666667,black,Win
689,-18,352.0,6.9909090909090885,1318,0.1166666666666666,white,Loss
690,14,835.0,15.688,1294,1.5666666666666669,white,Win
691,15,1026.0,17.749999999999996,1301,0.3833333333333333,white,Win
692,-16,706.0,12.04473684210526,1324,0.1833333333333333,black,Loss
693,-32,947.0,10.59074074074074,1332,0.1166666666666666,white,Loss
694,33,278.0,7.231249999999996,1275,95.6,black,Win
695,-4,1076.0,10.494736842105262,1304,0.4833333333333333,white,Loss
696,21,878.0,7.555172413793104,1279,4.783333333333333,black,Draw
697,-37,597.0,4.813846153846153,1329,0.4333333333333333,white,Loss
698,9,532.0,11.066666666666668,1291,956.55,white,Win
699,-1,859.0,14.026470588235291,1301,0.7166666666666667,black,Draw
700,-6,1178.0,10.31607142857143,1298,270.0,white,Loss
701,-21,437.0,6.599999999999999,1305,1.4166666666666667,black,Loss
702,7,840.0,13.493181818181824,1268,0.15,white,Loss
703,26,1069.0,14.296774193548384,1257,1303.4833333333331,black,Win
704,31,44.0,3.283333333333322,1260,0.7666666666666667,white,Win
705,29,577.0,7.646938775510205,1270,0.1333333333333333,black,Win
706,27,199.0,8.9,1280,2.45,black,Win
707,9,246.0,15.433333333333332,1306,0.1166666666666666,white,Win
708,15,1094.0,10.074576271186444,1308,0.1666666666666666,white,Win
709,26,1194.0,16.873529411764704,1305,11.166666666666666,black,Win
710,29,872.0,19.240909090909096,1310,189.6833333333333,black,Win
711,3,666.0,14.710344827586209,1328,3.0166666666666666,white,Loss
712,28,933.0,10.782758620689656,1311,0.25,white,Win
713,13,1089.0,16.09444444444445,1334,3.1166666666666667,black,Win
714,-10,567.0,11.853571428571428,1349,3.7,white,Loss
715,-3,524.0,11.533333333333331,1350,1383.3833333333334,black,Win
716,0,848.0,13.68235294117647,1355,1.6833333333333331,black,Win
717,-18,1115.0,9.989830508474574,1365,7.666666666666667,white,Loss
718,0,876.0,13.197058823529414,1355,51.98333333333333,white,Win
719,-1,1165.0,13.264444444444443,1348,3.533333333333333,black,Loss
720,29,373.0,9.488888888888887,1326,941.7666666666668,white,Win
721,-22,634.0,16.22222222222222,1378,4.716666666666667,black,Draw
722,-19,1071.0,10.382456140350875,1367,153.33333333333334,black,Loss
723,-1,1164.0,14.540540540540537,1357,0.2,black,Win
724,-6,241.0,7.564999999999998,1354,4.633333333333334,white,Loss
725,36,233.0,7.011764705882356,1319,0.1666666666666666,black,Win
726,-3,1197.0,10.405555555555557,1366,205.55,black,Win
727,-1,573.0,9.470000000000002,1372,31.6,black,Win
728,25,678.0,8.655813953488371,1354,0.5,white,Win
729,-36,1143.0,9.89636363636364,1407,1.65,white,Loss
730,12,951.0,16.109523809523814,1367,155.15,black,Win
731,27,366.0,12.141176470588237,1360,0.1166666666666666,white,Win
732,-24,880.0,13.638709677419357,1403,11.483333333333333,black,Loss
733,-29,470.0,9.47037037037037,1400,0.05,white,Loss
734,-2,750.0,15.31153846153846,1365,769.85,black,Loss
735,38,707.0,11.563636363636364,1332,0.2333333333333333,white,Win
736,-2,799.0,11.83235294117647,1372,268.7,white,Draw
737,36,57.0,5.4,1341,0.75,black,Win
738,11,866.0,13.286842105263156,1374,0.9166666666666666,white,Win
739,3,887.0,8.493103448275862,1390,4.766666666666667,white,Win
740,29,992.0,10.319642857142858,1372,47.05,black,Win
741,76,994.0,9.351612903225808,1314,4658.516666666666,white,Loss
742,65,1023.0,13.735294117647058,1325,458.45,black,Loss
743,-13,239.0,11.80714285714286,1403,3.283333333333333,white,Win
744,786,800.0,13.111111111111107,604,1.1,white,Win
745,-25,1036.0,17.082857142857147,1407,7.083333333333333,black,Loss
746,68,945.0,11.032692307692306,1314,800.4833333333333,white,Loss
747,68,520.0,8.254761904761905,1314,0.3666666666666666,black,Loss
748,68,1021.0,10.901818181818182,1314,0.25,white,Loss
749,68,869.0,11.265999999999998,1314,0.35,black,Win
750,26,476.0,8.942857142857141,1364,1435.9666666666667,white,Win
751,7,890.0,11.34313725490196,1391,1.75,black,Win
752,2,846.0,18.576,1388,6.183333333333334,white,Loss
753,143,534.0,19.572222222222223,1247,1057.15,white,Win
754,-112,597.0,15.148148148148149,1502,3.1666666666666665,white,Win
755,-23,614.0,17.228571428571428,1413,7.95,black,Loss
756,-44,1008.0,15.305405405405404,1434,304.6,white,Win
757,-122,1126.0,18.9,1512,7.333333333333333,black,Loss
758,-98,765.0,13.8,1488,698.8333333333334,black,Loss
759,-181,504.0,13.922222222222224,1571,464.9,white,Loss
760,-123,821.0,12.614285714285712,1513,169.65,white,Loss
761,-60,734.0,10.200000000000005,1450,0.1,black,Loss
762,-60,823.0,11.966666666666663,1450,0.1333333333333333,white,Loss
763,14,572.0,11.656,1376,697.9166666666666,black,Loss
764,-64,947.0,6.457352941176471,1454,1667.05,white,Loss
765,7,389.0,9.58888888888889,1383,11648.733333333334,black,Win
766,-5,740.0,14.55,1403,144.98333333333332,black,Win
767,-6,924.0,11.60232558139535,1413,45.75,white,Win
768,-54,269.0,3.0571428571428565,1454,0.1833333333333333,black,Loss
769,-43,397.0,8.374999999999998,1436,0.1666666666666666,white,Loss
770,13,149.0,8.160000000000002,1388,194.4,black,Win
771,142,322.0,6.733333333333335,1269,0.7166666666666667,white,Win
772,26,749.0,13.964,1393,2.8666666666666667,white,Win
773,18,339.0,10.35,1409,1.9833333333333332,black,Win
774,10,118.0,7.811111111111106,1425,0.2833333333333333,black,Win
775,-29,1082.0,16.272222222222226,1456,0.1166666666666666,black,Loss
776,-18,754.0,11.21935483870968,1437,547.5833333333334,white,Loss
777,25,1170.0,12.34888888888889,1402,0.3333333333333333,black,Win
778,36,643.0,15.652380952380955,1398,0.1666666666666666,white,Win
779,12,847.0,13.589189189189192,1430,24.48333333333333,white,Win
780,-33,861.0,9.50943396226415,1484,3.183333333333333,black,Win
781,-20,1151.0,13.574999999999996,1463,7.683333333333334,black,Loss
782,39,565.0,10.890624999999998,1411,280.78333333333336,white,Win
783,28,1073.0,12.127083333333331,1430,6.733333333333333,white,Win
784,-6,915.0,12.716216216216216,1464,3.5,black,Draw
785,-7,673.0,14.138709677419357,1457,5.283333333333333,white,Loss
786,14,1056.0,12.23076923076923,1444,0.1833333333333333,black,Win
787,-5,435.0,13.614285714285714,1472,1092.0333333333333,white,Win
788,-6,1059.0,14.094444444444443,1473,315.45,black,Draw
789,-20,1036.0,10.685714285714289,1479,2.15,white,Loss
790,36,295.0,14.708333333333334,1431,7.016666666666667,black,Win
791,-18,1114.0,7.875,1477,1.2,black,Loss
792,19,563.0,13.263636363636364,1448,98.1,white,Win
793,-2,994.0,13.260000000000002,1477,6.283333333333333,black,Win
794,-2,1145.0,14.228571428571431,1469,3.4166666666666665,black,Loss
795,1,829.0,12.060526315789476,1474,121.68333333333334,white,Win
796,24,1197.0,10.734615384615385,1459,541.9666666666667,white,Win
797,29,1041.0,8.349152542372883,1462,3.316666666666667,white,Win
798,11,570.0,14.685185185185183,1488,583.2666666666667,black,Win
799,-16,691.0,13.145454545454545,1507,5.1,white,Loss
800,-28,1147.0,11.180392156862744,1511,269.8833333333333,white,Loss
801,12,925.0,12.332352941176472,1479,1.05,black,Win
802,39,338.0,10.069230769230767,1459,3.283333333333333,white,Win
803,20,251.0,8.282352941176468,1486,1.2,black,Win
804,33,410.0,7.537931034482757,1481,598.0833333333334,black,Win
805,12,681.0,10.44285714285714,1510,4.783333333333333,black,Win
806,-11,1096.0,8.423943661971832,1525,73.38333333333334,white,Loss
807,24,1085.0,8.100000000000001,1498,476.05,black,Win
808,-8,1249.0,7.746753246753245,1522,3.0,white,Loss
809,12,800.0,11.499999999999998,1510,746.3,black,Win
810,-62,1006.0,7.237500000000001,1577,118.71666666666668,white,Loss
811,-4,465.0,12.794999999999998,1528,0.5333333333333333,black,Win
812,25,138.0,7.180000000000007,1507,2.083333333333333,white,Win
813,37,483.0,14.717647058823529,1502,2.316666666666667,black,Win
814,-14,1075.0,10.485964912280702,1545,311.03333333333336,white,Loss
815,-17,929.0,5.385714285714285,1540,15.316666666666666,black,Loss
816,15,1176.0,9.66842105263158,1516,0.2,white,Win
817,27,586.0,9.407317073170733,1512,329.35,white,Win
818,-38,1227.0,9.06,1570,5.35,black,Loss
819,-17,1055.0,10.632727272727276,1549,475.3,white,Draw
820,12,600.0,9.908108108108108,1528,2.783333333333333,black,Win
821,-39,657.0,8.756666666666666,1572,171.46666666666667,white,Loss
822,-31,502.0,16.753333333333334,1556,0.1833333333333333,black,Loss
823,-8,1021.0,9.903571428571428,1525,361.56666666666666,white,Loss
824,-14,279.0,6.257142857142859,1523,0.5666666666666667,black,Loss
825,-88,305.0,6.23235294117647,1597,3168.766666666667,black,Draw
826,-114,248.0,7.573333333333335,1623,1162.7666666666669,black,Win
827,-114,587.0,8.614285714285716,1623,0.1,white,Win
828,-631,391.0,9.952173913043476,2140,1481.0833333333333,white,Win
829,2,1050.0,10.153703703703709,1507,2.5,white,Win
830,-94,973.0,9.494545454545456,1603,2.65,black,Loss
831,-96,1120.0,14.727027027027033,1605,1169.4666666666667,white,Loss
832,-55,948.0,14.682142857142855,1564,4.75,black,Win
833,-35,992.0,9.875925925925925,1544,2.5166666666666666,black,Loss
834,-24,620.0,12.214285714285715,1525,302.15,black,Loss
835,10,1154.0,11.532608695652174,1499,0.5833333333333334,white,Win
836,-7,435.0,8.058823529411764,1508,1.95,black,Loss
837,-1,657.0,9.283870967741937,1494,0.1333333333333333,white,Loss
838,-345,1054.0,12.195454545454544,1838,739.6,black,Loss
839,-426,248.0,4.155555555555555,1919,276.68333333333334,white,Loss
840,-23,19.0,4.800000000000068,1516,0.5,black,Win
841,29,521.0,8.270370370370369,1472,0.6666666666666666,white,Win
842,-3,458.0,15.429411764705884,1512,2.7666666666666666,black,Win
843,-3,238.0,9.227777777777776,1520,0.1833333333333333,white,Win
844,15,885.0,8.392727272727273,1510,0.1666666666666666,black,Win
845,36,921.0,10.282926829268291,1496,4.633333333333334,black,Win
846,19,508.0,4.826829268292684,1513,91.93333333333334,white,Win
847,-51,219.0,3.4411764705882355,1583,3.5166666666666666,black,Win
848,12,1001.0,6.311111111111113,1520,2779.4166666666665,black,Draw
849,-27,683.0,9.668085106382977,1551,329.8,white,Loss
850,-9,485.0,17.288888888888888,1542,0.1333333333333333,black,Win
851,-25,797.0,10.340425531914892,1550,0.0833333333333333,white,Loss
852,-198,272.0,6.399999999999999,1723,2175.15,black,Loss
853,7,202.0,7.539999999999997,1518,304.4,black,Loss
854,20,860.0,8.330612244897958,1513,1067.75,white,Win
855,-14,814.0,10.729268292682928,1539,1.5833333333333333,white,Loss
856,2,1146.0,10.685714285714283,1531,0.0833333333333333,black,Win
857,39,166.0,8.044444444444443,1501,2.2666666666666666,white,Win
858,-14,673.0,7.252173913043479,1546,0.5166666666666667,black,Loss
859,-5,722.0,11.557575757575757,1529,174.05,white,Loss
860,20,414.0,7.545454545454546,1512,0.15,black,Win
861,-4,577.0,14.541666666666666,1545,1.2833333333333334,black,Win
862,65,1196.0,9.363333333333332,1474,6.616666666666666,black,Draw
863,10,961.0,9.49230769230769,1537,2.35,white,Win
864,-2,628.0,5.866071428571429,1541,5.233333333333333,black,Loss
865,-18,1020.0,6.614473684210527,1549,0.1166666666666666,white,Loss
866,17,973.0,7.02982456140351,1514,0.1833333333333333,black,Draw
867,24,297.0,7.039130434782607,1515,298.3666666666667,white,Win
868,-14,726.0,9.264150943396228,1545,5.1,black,Loss
869,31,1022.0,11.281081081081078,1508,685.8166666666667,white,Win
870,34,1067.0,7.693103448275861,1513,0.7833333333333333,black,Win
871,4,384.0,14.239999999999998,1534,14.083333333333334,white,Loss
872,-13,253.0,8.414285714285715,1543,0.6666666666666666,white,Loss
873,6,908.0,7.035,1532,1.0333333333333334,black,Win
874,4,464.0,9.123076923076924,1542,43.5,white,Win
875,-19,1075.0,11.793617021276598,1557,295.96666666666664,black,Loss
876,-32,500.0,4.724193548387096,1562,2.533333333333333,black,Loss
877,-15,1140.0,11.393478260869568,1545,1436.6333333333334,white,Draw
878,23,843.0,16.00740740740741,1515,1.55,white,Win
879,37,568.0,11.28076923076923,1509,0.95,black,Win
880,1,748.0,6.978260869565216,1553,2.05,black,Win
881,-16,850.0,8.717073170731705,1570,33.983333333333334,white,Draw
882,6,397.0,14.250000000000004,1556,1102.4166666666667,black,Win
883,-2,617.0,10.947368421052632,1572,0.2,white,Win
884,19,1068.0,12.646153846153844,1559,269.9,black,Win
885,11,1216.0,9.355555555555558,1575,15.25,black,Win
886,-48,72.0,3.5200000000000045,1634,848.1333333333333,black,Win
887,-80,263.0,2.796875,1666,20.883333333333333,white,Loss
888,-16,1056.0,8.347692307692308,1594,360.6,white,Loss
889,4,278.0,6.4684210526315775,1582,1.7,black,Win
890,-2,224.0,4.8,1580,0.8833333333333333,white,Loss
891,15,61.0,2.1699999999999933,1571,0.1166666666666666,white,Win
892,-24,665.0,11.394285714285717,1602,0.15,black,Loss
893,-11,1022.0,6.173846153846155,1581,141.85,white,Loss
894,36,300.0,7.131249999999998,1542,0.1666666666666666,black,Win
895,-14,899.0,8.98653846153846,1592,0.1166666666666666,black,Draw
896,-4,736.0,6.2288461538461535,1574,28.73333333333333,white,Loss
897,-1,1095.0,8.515714285714287,1563,0.15,white,Loss
898,8,1008.0,10.23095238095238,1562,889.5833333333334,white,Win
899,-25,771.0,11.867647058823527,1587,265.85,black,Loss
900,41,558.0,15.245,1528,1.25,black,Win
901,-40,963.0,13.097142857142853,1602,39.31666666666667,black,Loss
902,7,986.0,6.545205479452054,1546,1.3666666666666667,white,Loss
903,19,877.0,13.795238095238094,1542,0.2,white,Win
904,26,280.0,6.7727272727272725,1543,5.366666666666666,white,Win
905,-7,541.0,11.173076923076923,1585,62.45,black,Win
906,27,975.0,11.082222222222224,1559,1209.1666666666667,white,Win
907,4,135.0,4.019999999999993,1590,4.3,white,Win
908,11,213.0,10.015384615384615,1591,4.016666666666667,black,Win
909,805,788.0,12.8875,797,4098.766666666666,black,Win
910,851,448.0,7.954166666666666,751,203.06666666666663,white,Win
911,506,197.0,7.223076923076921,1096,0.6333333333333333,white,Win
912,506,662.0,12.458620689655174,1096,0.1,black,Loss
913,197,252.0,8.584210526315792,1405,141.25,black,Loss
914,-399,1145.0,12.428260869565216,2001,1319.2666666666669,white,Loss
915,15,167.0,9.579999999999997,1587,2.833333333333333,black,Win
916,-159,38.0,3.625,1761,0.2666666666666666,black,Win
917,-320,841.0,14.813888888888888,1922,0.3166666666666666,black,Loss
918,-25,1217.0,8.810294117647059,1627,271.81666666666666,white,Loss
919,-77,442.0,9.5,1679,1115.3333333333333,black,Draw
920,21,1118.0,8.547142857142859,1580,164.0,black,Draw
921,-30,756.0,11.112820512820512,1623,960.1,black,Loss
922,2,909.0,9.394285714285711,1599,563.7166666666667,white,Win
923,16,428.0,10.64074074074074,1593,3.55,black,Win
924,7,199.0,12.390909090909089,1610,12.1,white,Win
925,-31,789.0,12.677142857142858,1640,0.9166666666666666,white,Loss
926,-26,405.0,12.2,1627,0.9166666666666666,black,Loss
927,3,1137.0,5.9252631578947375,1598,1304.2333333333331,black,Loss
928,-39,138.0,7.716666666666678,1640,148.13333333333333,black,Loss
929,-13,615.0,12.27777777777778,1606,605.55,black,Loss
930,-50,931.0,11.451162790697676,1636,0.0666666666666666,white,Loss
931,-25,634.0,12.539999999999996,1603,127.96666666666668,white,Loss
932,-10,702.0,8.862499999999999,1580,0.1333333333333333,white,Loss
933,-5,472.0,10.16896551724138,1584,3.7666666666666666,black,Win
934,-4,403.0,10.643999999999998,1591,237.56666666666663,white,Win
935,-1,880.0,15.800000000000002,1580,1.7666666666666666,black,Loss
936,-14,597.0,9.718518518518518,1585,1.3666666666666667,black,Loss
937,-36,645.0,9.247058823529413,1600,3954.0666666666666,white,Loss
938,5,1212.0,9.777966101694917,1551,1.6833333333333331,black,Loss
939,-367,158.0,9.455555555555556,1923,3279.55,black,Loss
940,-8,1034.0,8.540624999999999,1564,1280.5,white,Draw
941,-160,207.0,10.174999999999995,1716,105.25,black,Loss
942,-148,720.0,10.964516129032257,1704,0.75,white,Loss
943,-295,871.0,9.002173913043478,1851,19.95,black,Loss
944,-41,54.0,4.085714285714289,1597,2489.9166666666665,black,Win
945,-166,1127.0,13.336363636363638,1722,301.06666666666666,white,Loss
946,-110,521.0,13.33333333333333,1666,4058.0833333333335,black,Win
947,-249,937.0,6.107936507936508,1805,1300.9166666666667,white,Loss
948,-117,439.0,9.696666666666664,1673,7.033333333333333,white,Loss
949,-49,1186.0,8.6,1605,520.3333333333334,black,Loss
950,19,185.0,6.040000000000002,1537,7964.583333333333,white,Win
951,-5,983.0,11.7375,1553,607.15,black,Loss
952,-11,938.0,8.378181818181817,1551,1.9166666666666667,white,Loss
953,1,740.0,13.0,1547,57.78333333333333,black,Win
954,-4,1097.0,12.315217391304348,1560,133.31666666666666,white,Win
955,-4,652.0,9.346666666666666,1552,78.86666666666666,black,Loss
956,-24,966.0,8.979999999999999,1564,0.4166666666666667,white,Loss
957,5,563.0,8.848387096774193,1526,2782.9166666666665,black,Loss
958,-6,447.0,12.75,1529,0.1833333333333333,white,Loss
959,-24,860.0,10.225925925925926,1539,0.1166666666666666,black,Loss
960,-19,1131.0,8.771641791044777,1534,4996.616666666667,white,Draw
961,-4,1173.0,11.165384615384614,1527,2.0166666666666666,white,Win
962,-22,846.0,18.56,1537,1.4666666666666666,black,Loss
963,-36,490.0,15.69,1543,0.1,black,Loss
964,6,309.0,7.809090909090907,1509,1898.3166666666664,white,Win
965,-4,1256.0,7.565822784810127,1528,0.1333333333333333,black,Win
966,25,62.0,4.899999999999996,1507,1.4833333333333334,white,Win
967,-7,524.0,5.630434782608695,1531,0.3833333333333333,white,Loss
968,-18,740.0,7.855,1534,116.1,black,Loss
969,12,1103.0,8.4,1520,934.0666666666668,black,Win
970,17,1121.0,9.901754385964914,1523,255.85,white,Win
971,6,353.0,7.856250000000003,1542,2.4833333333333334,black,Win
972,-28,623.0,6.38846153846154,1568,0.3,white,Loss
973,7,1178.0,8.347887323943661,1541,60.85,white,Win
974,30,395.0,12.11304347826087,1526,1549.9,black,Win
975,8,451.0,12.625000000000002,1556,71.38333333333334,black,Win
976,22,1152.0,14.88285714285714,1550,2.6166666666666667,white,Win
977,3,672.0,9.602380952380956,1561,4.083333333333333,white,Loss
978,24,795.0,9.060655737704918,1548,837.3333333333334,black,Win
979,21,694.0,6.994827586206895,1550,446.3666666666667,white,Draw
980,-29,535.0,9.711538461538462,1592,1.7666666666666666,black,Loss
981,-13,1121.0,8.061111111111112,1568,75.33333333333333,white,Loss
982,5,1084.0,9.9125,1558,880.1666666666666,black,Win
983,-3,959.0,11.892682926829268,1558,479.3333333333333,white,Loss
984,6,991.0,9.9625,1557,987.8666666666668,black,Win
985,8,695.0,12.416,1563,12.816666666666666,black,Win
986,3,692.0,9.016279069767442,1576,48.31666666666667,white,Win
987,5,585.0,9.028205128205126,1566,18.28333333333333,black,Loss
988,-10,1022.0,11.445652173913045,1573,56.73333333333333,white,Loss
989,-40,1127.0,9.32280701754386,1595,232.95,white,Loss
990,-29,1080.0,11.077272727272726,1576,1060.75,black,Loss
991,-17,916.0,9.513207547169811,1556,1188.4,white,Loss
992,6,1200.0,7.290243902439025,1533,0.15,black,Draw
993,9,682.0,8.248717948717948,1538,348.31666666666666,white,Win
994,-36,372.0,11.1,1576,6.6,black,Loss
995,-32,492.0,13.37826086956522,1564,0.15,white,Loss
996,35,111.0,5.650000000000006,1505,1387.2,black,Win
997,-4,453.0,9.814814814814817,1536,0.5333333333333333,black,Loss
998,4,1133.0,8.841379310344827,1519,1429.0166666666669,white,Loss
999,23,179.0,5.672222222222221,1508,0.1666666666666666,white,Win
1000,-13,1151.0,7.635897435897436,1536,0.1833333333333333,black,Loss
1001,17,1062.0,18.53846153846154,1514,1002.1166666666668,black,Win
1002,-14,519.0,7.41111111111111,1537,1.8833333333333333,white,Loss
1003,-9,710.0,11.994117647058822,1524,484.95,white,Loss
1004,31,977.0,13.425925925925933,1492,2861.083333333333,black,Win
1005,4,972.0,7.952173913043477,1511,153.26666666666668,white,Loss
1006,13,765.0,12.18108108108108,1510,0.7333333333333333,black,Win
1007,2,702.0,15.60384615384615,1529,0.8166666666666667,white,Win
1008,-19,462.0,17.07894736842105,1542,5.283333333333333,black,Loss
1009,28,1002.0,10.22307692307692,1503,0.4666666666666667,white,Win
1010,-19,1233.0,7.219277108433733,1550,0.15,white,Draw
1011,-7,428.0,3.5111111111111115,1530,404.1166666666667,black,Loss
1012,9,80.0,4.955555555555558,1522,0.1333333333333333,black,Win
1013,3,500.0,11.337037037037035,1520,0.15,white,Loss
1014,36,314.0,6.424137931034483,1495,0.1,black,Win
1015,-3,517.0,10.79090909090909,1542,0.1833333333333333,black,Win
1016,-25,490.0,4.37872340425532,1556,1.3166666666666669,black,Loss
1017,17,503.0,6.379411764705882,1522,0.2333333333333333,white,Win
1018,4,841.0,5.3915662650602405,1527,123.96666666666668,black,Loss
1019,5,476.0,5.745454545454544,1517,0.65,white,Loss
1020,-56,543.0,13.757692307692308,1588,1.15,black,Win
1021,-15,1193.0,8.095945945945946,1539,1.3166666666666669,white,Loss
1022,-1,1148.0,9.34375,1517,0.1833333333333333,white,Loss
1023,-38,937.0,9.406818181818185,1547,406.31666666666666,black,Loss
1024,-28,862.0,15.636666666666668,1529,0.1833333333333333,white,Loss
1025,15,122.0,7.300000000000005,1494,2804.6833333333334,white,Win
1026,36,658.0,14.096874999999995,1481,0.1833333333333333,black,Win
1027,14,1043.0,11.6265306122449,1503,4.1,black,Draw
1028,1,751.0,10.970454545454546,1508,2.2333333333333334,black,Loss
1029,-17,606.0,6.033333333333332,1518,0.15,white,Loss
1030,22,664.0,7.665116279069767,1487,0.1,white,Win
1031,-1,760.0,13.61714285714286,1502,1246.0333333333333,white,Loss
1032,-4,396.0,10.355555555555554,1513,0.2333333333333333,black,Win
1033,-1,575.0,15.690476190476192,1518,21.3,black,Win
1034,-29,1170.0,11.729411764705883,1538,18.816666666666663,white,Loss
1035,-1,1079.0,8.787301587301588,1510,0.1166666666666666,white,Draw
1036,-16,667.0,17.683333333333334,1517,1.2666666666666666,black,Loss
1037,-19,1016.0,12.99130434782609,1512,1.45,black,Loss
1038,4,557.0,10.684,1481,4.633333333333334,white,Loss
1039,-30,795.0,13.902857142857144,1507,0.1,black,Loss
1040,-229,1241.0,5.595327102803737,1706,1779.8166666666666,black,Draw
1041,-178,419.0,8.713043478260868,1655,426.9,white,Loss
1042,-95,331.0,6.85217391304348,1572,0.8833333333333333,black,Loss
1043,-70,543.0,6.5950000000000015,1547,0.3666666666666666,black,Loss
1044,24,1221.0,12.008163265306123,1461,483.9166666666667,black,Win
1045,39,285.0,9.16666666666667,1453,1.55,white,Win
1046,-23,791.0,9.419642857142858,1516,0.1,black,Draw
1047,6,1071.0,7.665277777777779,1478,0.25,white,Loss
1048,31,450.0,4.411111111111111,1461,0.15,white,Win
1049,-3,1023.0,10.03125,1487,2.5,black,Loss
1050,-2,919.0,10.07826086956522,1478,1085.1166666666666,white,Loss
1051,24,241.0,9.917647058823531,1460,0.1666666666666666,black,Win
1052,-48,528.0,11.300000000000002,1542,1.6,white,Win
1053,-75,1158.0,14.467567567567569,1579,1.1666666666666667,black,Win
1054,-7,334.0,13.762499999999996,1520,203.45,white,Win
1055,-29,1102.0,12.443902439024392,1534,3.183333333333333,black,Loss
1056,36,326.0,11.205555555555556,1477,1.3,black,Win
1057,23,690.0,16.125,1498,0.3,white,Win
1058,-12,961.0,8.91044776119403,1525,6.85,white,Loss
1059,13,972.0,8.877777777777778,1508,3.033333333333333,white,Win
1060,22,821.0,11.390697674418606,1498,370.35,black,Draw
1061,4,916.0,9.3375,1508,1.2166666666666666,black,Loss
1062,-4,964.0,8.773214285714285,1525,661.65,white,Win
1063,-22,680.0,11.4125,1535,3.2666666666666666,white,Loss
1064,-16,1205.0,8.5,1521,3.783333333333333,black,Loss
1065,-12,793.0,13.81,1509,315.93333333333334,black,Loss
1066,25,1009.0,6.291489361702126,1480,0.75,white,Win
1067,5,892.0,7.116666666666666,1500,52.63333333333333,white,Draw
1068,0,1009.0,9.583870967741936,1497,1.4666666666666666,black,Loss
1069,5,496.0,12.595454545454546,1500,198.06666666666663,black,Win
1070,-12,387.0,12.926315789473684,1509,7.216666666666667,black,Loss
1071,2,688.0,7.271111111111111,1487,2.5166666666666666,white,Loss
1072,-11,473.0,9.669696969696968,1492,131.73333333333332,white,Loss
1073,-19,708.0,5.573333333333333,1492,25.116666666666667,white,Loss
1074,-24,254.0,4.26842105263158,1489,0.1,black,Loss
1075,12,540.0,6.538297872340426,1461,973.1666666666666,white,Win
1076,2,496.0,12.386363636363638,1479,2.1166666666666667,black,Win
1077,-42,870.0,10.795238095238094,1516,0.2,white,Loss
1078,0,1069.0,7.828169014084508,1466,984.0,black,Loss
1079,0,949.0,9.651063829787232,1458,3396.0333333333333,black,Loss
1080,4,1021.0,9.5741935483871,1445,1614.0333333333333,black,Loss
1081,22,204.0,2.899999999999998,1435,1.8,white,Win
1082,-26,806.0,13.006666666666664,1475,0.1666666666666666,black,Loss
1083,-9,269.0,5.133333333333331,1450,2.0,white,Loss
1084,-15,761.0,6.584285714285714,1464,5689.066666666667,black,Draw
1085,12,1190.0,8.049999999999999,1437,1.4666666666666666,black,Draw
1086,-5,711.0,6.648979591836734,1454,1475.2666666666669,white,Draw
1087,-5,436.0,8.438461538461537,1463,0.8,white,Win
1088,24,511.0,6.300000000000001,1442,1057.4666666666667,white,Win
1089,6,589.0,6.737735849056604,1451,0.15,black,Loss
1090,5,663.0,17.244999999999997,1443,2.033333333333333,black,Loss
1091,34,854.0,8.065573770491802,1422,0.3333333333333333,white,Win
1092,-35,1176.0,8.357971014492753,1483,1.1833333333333331,white,Loss
1093,20,781.0,11.632432432432434,1428,1265.3666666666666,black,Draw
1094,-32,1213.0,7.738666666666666,1472,1.9333333333333331,black,Loss
1095,-3,239.0,6.2105263157894735,1435,0.5,white,Loss
1096,5,523.0,5.490384615384615,1435,1.1166666666666667,white,Win
1097,3,1127.0,13.57727272727273,1429,1725.9333333333334,black,Loss
1098,-23,904.0,11.57441860465116,1447,653.2,white,Loss
1099,-18,419.0,2.567346938775509,1434,0.15,white,Loss
1100,-2,1187.0,8.229850746268658,1426,0.1666666666666666,black,Win
1101,6,537.0,10.528571428571432,1426,4.116666666666666,black,Win
1102,-36,533.0,10.765714285714283,1461,6508.033333333334,white,Loss
1103,-3,394.0,5.539473684210527,1436,0.8333333333333334,black,Win
1104,22,909.0,8.154838709677417,1419,0.85,black,Win
1105,4,496.0,11.38846153846154,1428,0.0833333333333333,white,Loss
1106,-12,891.0,8.536206896551723,1436,0.1,black,Loss
1107,-34,800.0,16.59,1450,0.2333333333333333,white,Loss
1108,-36,483.0,8.527999999999999,1444,1.4666666666666666,black,Loss
1109,-31,892.0,14.792105263157897,1431,0.9166666666666666,white,Loss
1110,22,610.0,15.133333333333336,1386,1377.8,white,Win
1111,-1,915.0,15.705555555555556,1401,1.4833333333333334,black,Loss
1112,-91,983.0,18.79259259259259,1485,0.1833333333333333,black,Loss
1113,-5,1212.0,9.17142857142857,1399,0.15,white,Draw
1114,-27,477.0,5.054285714285715,1413,0.3166666666666666,black,Loss
1115,33,740.0,12.92121212121212,1361,5634.9,white,Win
1116,-12,1146.0,8.932835820895521,1398,2.9,black,Loss
1117,-20,882.0,8.386567164179104,1406,2.3,white,Draw
1118,-36,650.0,8.460869565217392,1414,0.15,black,Loss
1119,-23,168.0,4.98571428571429,1393,0.2833333333333333,white,Loss
1120,-14,542.0,10.172413793103448,1376,0.3666666666666666,white,Loss
1121,11,132.0,4.629411764705878,1359,0.1,black,Win
1122,23,130.0,5.028571428571427,1355,0.0666666666666666,white,Win
1123,-6,1118.0,11.580000000000004,1393,0.0666666666666666,black,Win
1124,-3,1046.0,8.453731343283584,1382,1321.4333333333334,white,Loss
1125,-5,862.0,11.138297872340424,1392,1.8333333333333333,white,Win
1126,-20,1009.0,7.3545454545454545,1408,0.5166666666666667,black,Draw
1127,-10,1140.0,17.47352941176471,1390,3.5,black,Loss
1128,33,832.0,7.622580645161292,1355,0.1833333333333333,black,Win
1129,2,248.0,7.73846153846154,1394,22.566666666666663,white,Win
1130,-4,1154.0,12.6531914893617,1392,34.96666666666667,white,Loss
1131,-20,1052.0,7.523684210526315,1400,0.0666666666666666,black,Loss
1132,28,494.0,15.33333333333333,1360,1338.2166666666667,black,Win
1133,38,1100.0,12.06590909090909,1357,0.9833333333333332,white,Win
1134,10,596.0,15.447619047619046,1393,5.0,black,Win
1135,32,852.0,13.42222222222222,1379,7.533333333333333,white,Win
1136,7,685.0,13.272727272727275,1412,1344.5166666666669,black,Win
1137,19,455.0,12.192,1408,3.316666666666667,white,Win
1138,-4,666.0,18.082608695652173,1423,1.35,white,Loss
1139,-1,894.0,9.57586206896552,1412,0.8166666666666667,white,Loss
1140,-5,631.0,8.956666666666667,1424,0.1666666666666666,black,Win
1141,0,792.0,8.594444444444445,1427,0.45,white,Win
1142,0,1209.0,11.553999999999998,1435,2.6,black,Win
1143,11,841.0,6.485245901639344,1424,1262.8166666666666,black,Draw
1144,0,1221.0,12.439130434782609,1443,2.1,black,Win
1145,33,871.0,10.43,1418,2.9166666666666665,white,Win
1146,22,1108.0,12.462222222222223,1437,6.416666666666667,white,Win
1147,-34,379.0,12.03529411764706,1485,11.55,black,Loss
1148,-5,816.0,7.568518518518517,1448,0.9833333333333332,black,Loss
1149,-3,1098.0,10.682692307692308,1438,0.1333333333333333,white,Loss
1150,-16,274.0,5.366666666666666,1443,1.85,black,Loss
1151,30,262.0,5.0,1405,0.1166666666666666,white,Win
1152,20,691.0,12.02857142857143,1423,0.1166666666666666,black,Win
1153,24,849.0,10.36875,1427,0.2,white,Win
1154,14,671.0,8.354166666666666,1437,1261.5333333333333,white,Draw
1155,-11,154.0,8.688888888888894,1454,3.816666666666667,black,Loss
1156,-21,816.0,13.269444444444446,1456,0.25,white,Loss
1157,-18,957.0,11.306976744186043,1453,0.9166666666666666,black,Draw
1158,-25,1110.0,11.30188679245283,1452,0.1833333333333333,black,Loss
1159,23,184.0,5.905263157894733,1412,0.8,white,Win
1160,8,725.0,14.525,1435,2.2666666666666666,white,Win
1161,15,870.0,7.086885245901638,1436,3.2,white,Win
1162,-2,70.0,5.699999999999997,1445,1.9833333333333332,black,Loss
1163,16,684.0,8.056521739130435,1435,0.7,black,Win
1164,23,786.0,7.913207547169813,1436,1.0333333333333334,white,Win
1165,-7,847.0,4.556818181818182,1458,2.4833333333333334,black,Loss
1166,-5,329.0,6.779166666666669,1465,0.1333333333333333,white,Win
1167,14,1176.0,9.644642857142856,1454,6.383333333333334,black,Win
1168,-8,699.0,15.475,1468,1.9333333333333331,white,Loss
1169,-25,690.0,12.099999999999998,1485,13.95,black,Win
1170,-8,1074.0,10.313793103448274,1460,652.65,black,Loss
1171,2,1223.0,7.023529411764706,1450,88.93333333333334,black,Draw
1172,-34,1030.0,9.885000000000002,1478,2.3833333333333333,black,Loss
1173,27,730.0,8.623809523809522,1425,5.333333333333333,white,Win
1174,-9,1016.0,11.62,1461,3.4166666666666665,white,Draw
1175,32,1139.0,12.724390243902434,1428,0.2166666666666666,black,Win
1176,-12,490.0,9.093939393939394,1464,13.033333333333331,white,Loss
1177,-37,309.0,20.8875,1481,0.6333333333333333,black,Loss
1178,11,493.0,5.932142857142856,1441,0.3166666666666666,white,Win
1179,-6,732.0,11.182608695652174,1450,1.0666666666666669,black,Loss
1180,5,1221.0,6.922891566265059,1439,0.1,white,Draw
1181,-7,270.0,8.885714285714286,1443,0.1666666666666666,black,Loss
1182,9,277.0,6.715384615384621,1435,0.45,white,Win
1183,-4,1198.0,8.89047619047619,1456,9.45,black,Win
1184,4,1197.0,7.925675675675675,1448,325.1666666666667,white,Draw
1185,-12,844.0,7.807017543859649,1456,0.1833333333333333,black,Loss
1186,25,155.0,2.825000000000003,1427,2.5166666666666666,white,Win
1187,-4,843.0,7.997727272727272,1448,0.0833333333333333,white,Loss
1188,30,556.0,9.963333333333331,1422,0.15,black,Win
1189,28,934.0,8.49655172413793,1432,2.2666666666666666,white,Win
1190,7,438.0,9.13684210526316,1461,625.7666666666667,black,Win
1191,25,477.0,12.737037037037036,1451,0.3666666666666666,black,Win
1192,10,1191.0,8.241791044776118,1474,2.3666666666666667,white,Win
1193,9,178.0,4.336842105263156,1483,94.0,white,Win
1194,-16,597.0,15.939999999999998,1500,1.0166666666666666,black,Loss
1195,4,1116.0,10.150980392156864,1488,1.7166666666666666,white,Win
1196,36,1173.0,10.655555555555557,1464,1990.7166666666667,black,Win
1197,-11,330.0,12.405263157894735,1503,9.9,white,Loss
1198,7,1065.0,9.70222222222222,1493,0.8666666666666667,white,Win
1199,14,842.0,18.845,1494,1.45,black,Win
1200,-26,971.0,6.511392405063289,1526,2.4,black,Loss
1201,0,564.0,12.445454545454544,1492,1334.2833333333333,black,Loss
1202,0,860.0,13.412903225806453,1484,2.1166666666666667,white,Loss
1203,19,697.0,9.402439024390242,1465,1.6833333333333331,white,Draw
1204,37,1177.0,8.799999999999999,1454,2.1166666666666667,black,Win
1205,26,464.0,12.145,1473,1.5333333333333334,white,Win
1206,-13,1096.0,9.883050847457625,1512,26.65,black,Draw
1207,-34,449.0,7.858823529411766,1525,2.6333333333333333,black,Loss
1208,38,1167.0,9.291379310344826,1460,0.1166666666666666,white,Win
1209,20,962.0,9.904651162790698,1486,1.1333333333333333,black,Win
1210,-35,640.0,14.04814814814815,1533,1404.8333333333333,white,Loss
1211,-19,870.0,13.70810810810811,1509,0.1,black,Loss
1212,14,659.0,12.93214285714286,1484,1.8666666666666667,white,Win
1213,8,967.0,13.956410256410257,1498,1.3166666666666669,black,Win
1214,-12,781.0,10.402857142857142,1518,7.516666666666667,white,Draw
1215,17,1133.0,9.68867924528302,1497,1247.75,black,Win
1216,-5,864.0,7.677083333333333,1527,2.7,white,Win
1217,1,1108.0,7.007407407407406,1513,1432.2166666666667,black,Loss
1218,-10,493.0,4.79787234042553,1516,8.583333333333334,white,Loss
1219,3,400.0,5.13409090909091,1495,0.1,white,Loss
1220,-9,740.0,6.379032258064516,1499,0.1,black,Loss
1221,0,295.0,5.309523809523809,1482,0.4,black,Loss
1222,-36,538.0,9.308695652173911,1510,0.1,white,Loss
1223,1,1227.0,10.317241379310346,1465,0.0833333333333333,black,Loss
1224,21,1006.0,6.608928571428572,1453,0.1666666666666666,black,Win
1225,-4,1238.0,7.108333333333335,1470,1.4333333333333331,white,Loss
1226,6,842.0,10.208510638297872,1460,1035.4166666666667,white,Draw
1227,0,795.0,7.016981132075474,1474,0.85,black,Win
1228,-1,636.0,14.47222222222222,1467,1.85,black,Loss
1229,3,630.0,10.343333333333334,1471,0.8333333333333334,white,Win
1230,31,1155.0,8.141935483870968,1451,1.2166666666666666,white,Win
1231,13,738.0,7.6547169811320765,1477,1166.7166666666667,white,Win
1232,-4,827.0,16.14166666666667,1503,2.533333333333333,black,Win
1233,-33,982.0,7.2012987012987,1524,4.183333333333334,black,Loss
1234,33,898.0,6.704918032786885,1466,2.7333333333333334,white,Win
1235,16,170.0,7.322222222222219,1491,2.433333333333333,black,Win
1236,-16,1133.0,9.862264150943394,1523,6.666666666666667,black,Draw
1237,1,71.0,4.599999999999992,1514,360.65,white,Win
1238,-4,928.0,7.146153846153847,1527,0.55,white,Win
1239,-18,992.0,10.54390243902439,1533,2.0,white,Loss
1240,-2,501.0,18.975,1525,1.0666666666666669,black,Win
1241,-18,829.0,11.92307692307692,1533,0.2,white,Loss
1242,-21,985.0,7.888405797101448,1528,0.1,black,Loss
1243,-31,497.0,9.46,1530,0.4833333333333333,black,Loss
1244,-34,194.0,6.342857142857148,1525,1.3333333333333333,white,Loss
1245,-7,441.0,11.27777777777778,1490,0.2166666666666666,black,Loss
1246,-29,840.0,11.294285714285714,1504,1294.4333333333334,white,Loss
1247,13,784.0,12.30857142857143,1470,1.1166666666666667,black,Win
1248,35,607.0,9.843243243243244,1456,0.2666666666666666,white,Win
1249,15,394.0,6.255172413793105,1484,7.883333333333334,white,Win
1250,5,105.0,6.387499999999989,1502,0.1333333333333333,black,Win
1251,-14,737.0,6.4089552238805965,1513,53.78333333333333,white,Loss
1252,3,334.0,6.170000000000001,1488,0.15,black,Loss
1253,37,666.0,12.337037037037035,1462,0.1333333333333333,black,Win
1254,32,1018.0,14.02,1475,1301.1166666666666,black,Win
1255,12,1136.0,7.85,1503,2.683333333333333,white,Win
1256,-29,920.0,9.25090909090909,1536,23.366666666666667,white,Loss
1257,33,390.0,9.352,1482,9.416666666666666,black,Win
1258,-13,989.0,6.52875,1528,1.05,black,Draw
1259,16,687.0,11.099999999999998,1507,946.5,white,Win
1260,0,482.0,13.220000000000002,1531,0.8666666666666667,white,Win
1261,23,1109.0,11.745238095238092,1516,1.4833333333333334,white,Win
1262,3,1166.0,10.909259259259262,1528,1.9833333333333332,black,Loss
1263,-17,156.0,6.199999999999998,1557,76.71666666666667,white,Win
1264,-15,1126.0,8.834375000000001,1547,0.3,black,Loss
1265,-2,520.0,10.333333333333334,1542,1.0833333333333333,white,Win
1266,17,815.0,9.35135135135135,1531,1.1666666666666667,black,Win
1267,37,1224.0,7.637837837837838,1518,90.96666666666668,black,Win
1268,-35,507.0,6.511904761904762,1582,1.05,black,Loss
1269,-4,979.0,13.515,1560,4.583333333333333,white,Win
1270,13,1225.0,7.102499999999999,1551,0.2833333333333333,white,Win
1271,-13,451.0,10.720000000000002,1569,0.4333333333333333,black,Loss
1272,14,168.0,5.184210526315787,1550,0.1333333333333333,white,Win
1273,-5,224.0,6.173333333333335,1578,0.1,white,Win
1274,0,536.0,12.284,1581,1.8333333333333333,white,Win
1275,7,908.0,8.471428571428572,1565,1.4666666666666666,black,Loss
1276,26,357.0,5.646666666666662,1554,1.4666666666666666,white,Win
1277,12,331.0,7.846428571428571,1576,0.1,black,Win
1278,-36,494.0,8.891666666666667,1617,3.633333333333333,white,Loss
1279,-13,236.0,4.995238095238094,1586,0.0833333333333333,black,Loss
1280,-31,762.0,6.333928571428572,1596,0.0666666666666666,white,Loss
1281,-6,529.0,10.058333333333335,1563,0.7666666666666667,black,Loss
1282,3,559.0,8.922857142857143,1562,2378.4666666666667,white,Win
1283,-206,1188.0,13.313953488372093,1771,2.4,black,Win
